Total Schools,Total Students,Total Budget,Average Maths Score,Average Reading Score,% Passing Maths,% Passing Reading,% Overall Passing
15,39170,24649428,70.33819249425581,69.98013786060761,86.07863160582077,84.42685728874139,72.80827163645647
