School Size,Average Maths Score,Average Reading Score,% Passing Maths,% Passing Reading,% Overall Passing
Small (<1000),72.33574788082984,71.63686357948653,90.80686703637522,87.5575133771855,79.06634791880694
Medium (1000-2000),71.42165010445001,70.72016356551343,89.84655958985974,86.71414866357148,78.03978488500266
Large (2000-5000),69.75180906322836,69.57605209548986,84.2528043664936,83.30118456279159,70.29350657928528
