Spending Ranges (Per Student),Average Maths Score,Average Reading Score,% Passing Maths,% Passing Reading,% Overall Passing
<$585,71.36458662206668,70.71657717517672,88.835926265726,86.39051747092395,76.72145823947413
$585-630,72.06586754206324,71.0312969320663,91.51882386994556,87.2924229080652,79.8762932650003
$630-645,69.85480734572363,69.8388138950736,84.68613874124722,83.76358457738311,71.00497691766803
$645-680,68.88439091677417,69.0454032470642,81.56847048210761,81.76971558302405,66.75625306944654
