School Type,Average Maths Score,Average Reading Score,% Passing Maths,% Passing Reading,% Overall Passing
Government,69.83480637824935,69.67592863225248,84.46237525496772,83.58756240878704,70.69899281422103
Independent,71.3688217677489,70.71893266558648,89.204042521153,86.24778871413147,76.97334039967026
